filename, Angry, Happy, Sad
angry-person-crowd_23-2148395526_jpg.rf.dd7ebfb49fb1ed18befcf86b4dbdc303.jpg, 1, 0, 0
png-transparent-boxing-man-people-an-angry-person-the-man_png.rf.ddb02860fa82e8bf384dc8fc574d1837.jpg, 1, 0, 0
sadness_jpg.rf.d434a23ea4cf5aa37fc61ea604080bd3.jpg, 0, 0, 1
person-super-depressed_jpg.rf.d54d829ad58d4c9cb2d6e29c47fa04f6.jpg, 0, 0, 1
angry-people-screaming-260nw-292800785_jpg.rf.d5672b60284666c510427512a5896b63.jpg, 1, 0, 0
b2ap3_large_happy-sad-unsplash-850x575_jpg.rf.d6aba3ef23d78884e750f536685a22c9.jpg, 0, 0, 1
file-20211126-25-4jc5ds_jpeg.rf.d86a07f4597126cf51048186451faabb.jpg, 0, 0, 1
physed-happiness-videoSixteenByNine3000_jpg.rf.dae825096a1622bda2e173b77f416983.jpg, 0, 1, 0
dreamstime_s_101440985_jpg.rf.db4054856dfcb513300d1da91b4ba628.jpg, 0, 0, 1
ad_220696309_jpg.rf.dedc1aff8b1a62dcabf174397ab924fb.jpg, 1, 0, 0
dv2051009_jpg.rf.dedfbaef08ed0bd6d5f50ef3270d91b2.jpg, 0, 1, 0
09-113216-depressed_people_listen_to_sad_music_to_calm_and_uplift_says_study_jpg.rf.dba8441624d1b189d73ea16de3c6ce11.jpg, 0, 0, 1
image24_jpeg.rf.d7d9cf2f8094081500775ffc4ed48795.jpg, 0, 1, 0
gdfVVm_MyCRtqpvdkt8vtSB1n_oz_CpwCq6vNMpj0S8_jpg.rf.da9b1554d390c68c401ea05ba80ed040.jpg, 0, 1, 0
all-those-people-who-are-sad-17573-1_jpg.rf.dd7fa046a9104d9dbb7a165dafe94455.jpg, 0, 0, 1
riskshappypeopletakeh_1384254283_jpg.rf.dec1b95ff45ba1441022f9d60f2d1e25.jpg, 0, 1, 0
Make-someone-sad-happy_jpg.rf.deed29aabdc81c149bea842e8f38c98c.jpg, 0, 0, 1
happy-person_jpeg.rf.d756358861f7c97fa1676506399cfe8f.jpg, 0, 1, 0
group-young-people-posing-photo_52683-18823_jpg.rf.df35bc0daa4edb92d8e3b5251de542e8.jpg, 0, 1, 0
habits-of-happy-people_jpg.rf.df115f27c55e3f055bd96663a5090273.jpg, 0, 1, 0
png-transparent-graphy-happy-people-love-child-photography-thumbnail_png.rf.e1271ca6d920a3dae627e3e9a3a06c10.jpg, 0, 1, 0
happy-people_1463241208_jpg.rf.e0e904bcc3c188abab17cd1b59e37f80.jpg, 0, 1, 0
physed-happiness-videoSixteenByNine3000_jpg.rf.dfea599d790a823a03c613e5cbf8d822.jpg, 0, 1, 0
man-with-head-down-300x300_jpg.rf.e2ba5638acc249e98b84fb64472ea8f4.jpg, 0, 0, 1
Angry-Person-PNG-Transparent-Image_png.rf.e8b04c325b9e2eeda2f1b6e001fd91a8.jpg, 1, 0, 0
portrait-angry-bearded-man-red-t-shirt-pointing-finger-camera-people-emotions-concept-184711733_jpg.rf.e7ced62cb1f8533f305d2eb1609f5ecb.jpg, 1, 0, 0
7RNXwSxCAKL8vGtXG2ZkyD-1200-80_jpg.rf.ecf7c2df086376563028b891e6af1d1f.jpg, 0, 0, 1
coronavirus-depression-hero_jpg.rf.e35f084c1def93cc7834687a2dc17822.jpg, 0, 0, 1
screen-shot-2014-07-31-at-6-09-12-pm_png.rf.eba2d7a760f4d498de5353d1374fef43.jpg, 0, 0, 1
png-transparent-graphy-happy-people-love-child-photography-thumbnail_png.rf.eab3b965730f8d9c52430c914650f233.jpg, 0, 1, 0
gdfVVm_MyCRtqpvdkt8vtSB1n_oz_CpwCq6vNMpj0S8_jpg.rf.e9108a6552a081594d85ba19fb64c0a4.jpg, 0, 1, 0
b2ap3_large_happy-sad-unsplash-850x575_jpg.rf.f0a37ae1071dd70357c603763280c41f.jpg, 0, 0, 1
png-transparent-graphy-happy-people-love-child-photography-thumbnail_png.rf.e2d35e330d92112b810f1dd94b3b6104.jpg, 0, 1, 0
happy-people-jump-with-raised-arms-characters-win_107791-14884_jpg.rf.e6debeb42371d5d36f382119309f316d.jpg, 0, 1, 0
image30_jpeg.rf.df07247f9f68b1d0260a5e82f635de17.jpg, 0, 1, 0
09-113216-depressed_people_listen_to_sad_music_to_calm_and_uplift_says_study_jpg.rf.e8db580aca53144d9fa377dfac71bc60.jpg, 0, 0, 1
image-abb14c85-dab7-4451-9278-74ef612db2d8_jpg.rf.e99d74e94684d286d437a5155d689750.jpg, 1, 0, 0
image23_jpeg.rf.e5017d814f2d6f7e8bde03602d3aea93.jpg, 0, 1, 0
7VR73K6EP5ETVEOUFANWBUYJEQ_jpg.rf.f0f398a23554be3a3f95d4859f11cb8d.jpg, 0, 1, 0
CC_HE_1221887081_SituationalDepression-650x428_jpg.rf.f0beac5ba2c23b8ce70606da30f2ab79.jpg, 0, 0, 1
mental-health_1200_getty_jpg.rf.eef7eb05bb8fae29c8c52b35a41b3347.jpg, 0, 0, 1
images12_jpg.rf.ee52455d4f4e7c55563dc689f8ddb353.jpg, 0, 1, 0
Untitled-design-14-1_png.rf.f00fc5efb5968ebdc8e6e42cae4488b5.jpg, 1, 0, 0
220px-Happy_People_A_Year_in_the_Taiga_poster_jpg.rf.ed79b5bce58b69865e8f47bbbcbb558b.jpg, 0, 1, 0
CC_HE_1221887081_SituationalDepression-650x428_jpg.rf.eab99f35462be97aa0d2a17d946b0c2e.jpg, 0, 0, 1
image18_jpeg.rf.f10245117c3d16becfab1b78ba105b02.jpg, 0, 0, 1
png-transparent-woman-sad-folklore-ghost-horror-spirit-vendetta-vengeance-girl-person-thumbnail_png.rf.e860f51c6c7f7cfa4dc3a8e275b8c0b2.jpg, 0, 0, 1
angry-people-screaming-260nw-292800785_jpg.rf.e6ff2c98ec4e81981f651e778128298b.jpg, 1, 0, 0
sad-quotes-lead-image-1677524157_jpg.rf.f11a08e5b7fa6a853a10046cbbf1f8fa.jpg, 0, 0, 1
hand-drawn-happy-people-jumping_23-2149092878_jpg.rf.efc6bbc5771f9dc2037a2a0ad319eef1.jpg, 0, 1, 0
Sadder-not-wiser_AdobeStock_219682170_jpg.rf.ee16bf1304b6ef12676bceb2d85149f8.jpg, 0, 0, 1
angry-person-yelling-crowd_23-2148392541_jpg.rf.f329eaa24ea8217cca54a4c5dce4fcd4.jpg, 1, 0, 0
happypeople-1024x679_jpg.rf.fcee898b45c7c0ac6675aa2079408b6b.jpg, 0, 1, 0
anger-18615_640_jpg.rf.f927d11b9922e0984df31e5264f8635e.jpg, 1, 0, 0
sadness_jpg.rf.fd4bde759dedb9f806d61f80e02527bf.jpg, 0, 0, 1
0x0_jpg.rf.f9a0588ab8b787c13e1b3ef3a976efd4.jpg, 0, 0, 1
images12_jpg.rf.f5650d609464fac3150fa96f2b700990.jpg, 0, 1, 0
guilherme-stecanella-375176-unsplash_jpg.rf.f8e118ccbe1660658c28f27be8230f47.jpg, 0, 1, 0
people-1492052_1920-1024x681_jpg.rf.f2267f48fc9ef35bac9a49a1c359ac93.jpg, 0, 0, 1
getty_152414899_97046097045006_68075_jpg.rf.fae927e5a9c65208bd79b9e3449f6e25.jpg, 0, 1, 0
sad-woman_jpg.rf.fddaf5ce640b944d957033d3a85bee8d.jpg, 0, 0, 1
mental-health_1200_getty_jpg.rf.f4b165e29900aa24b650276a9f64b494.jpg, 0, 0, 1
7RNXwSxCAKL8vGtXG2ZkyD-1200-80_jpg.rf.f8ea1d4037153f5729134a6802e4359e.jpg, 0, 0, 1
110754-utyeqqosky-1547658396_jpeg.rf.f65f0fae1634bebd71021bba58ef4ed6.jpg, 0, 1, 0
angry-people-person-conflict-colleagues-vector-36712317_jpg.rf.f6e927fc1202cae713d23abb98c3b5c1.jpg, 1, 0, 0
118-1183761_angry-person-transparent-images-png-angry-man-png_png.rf.f6662eff710310543292ec6c0b340d0b.jpg, 1, 0, 0
35438_hd_jpg.rf.fb0e3698bf5550a475e7ab859ed1ff7b.jpg, 0, 1, 0
CC_HE_1221887081_SituationalDepression-650x428_jpg.rf.f92feb14cfb16e61602de58dcf704520.jpg, 0, 0, 1
_happy_jumping_on_beach-40815_jpg.rf.f34c294c2110a95c2e3cfcea8f46b553.jpg, 0, 1, 0
image-20160914-4963-19knfh1_jpg.rf.f19c5b08069e526364a80284d4b17f1e.jpg, 0, 0, 1
sad-person-pictures-2bnso9uiwlhrikrx_jpg.rf.fed4bb574f5e311967c64161da1ac15c.jpg, 0, 0, 1
9b65a25adca61c48bcb01370116723e3-happy-people-brings_jpg.rf.f376b7e9e0ce077ca362d47d6cdebda9.jpg, 0, 1, 0
73705bd7debb66c2afc780a22c223804_jpg.rf.fe7428ac3d92d63038f5661ce2e9fe6e.jpg, 0, 0, 1
sadness-inside-out-today-main-tease-191018_jpg.rf.f51f3a7346a28c8d66cf67b286485c10.jpg, 0, 0, 1
images12_jpg.rf.fe582f4247001547f0a632c7a8edc8d2.jpg, 0, 1, 0
sad-looking-man_jpg.rf.fe43513c935f165c18bce116e30492f9.jpg, 0, 0, 1
secret-signs-of-loneliness-01-1440x810_jpg.rf.fa03664279827435b20a3a433feb2ce2.jpg, 0, 0, 1
what-to-say-to-someone-whos-depressed_jpg.rf.feda59ba0c574afd377dd158c3c40304.jpg, 0, 0, 1
sad-people-group-therapy-session_23-2148752071_jpg.rf.fddf896efac4d11cd1d6aff8e813f58f.jpg, 0, 0, 1
image23_jpeg.rf.f1fffbdec33d370cd9ac6ca20ca38f1a.jpg, 0, 1, 0
very-sad-man-sitting-alone-on-white-background-depressed-young-man-sitting-businessman-vector_jpg.rf.ff5c6df4f21a1786b2ecb624e2027ef2.jpg, 0, 0, 1
image18_jpeg.rf.60e96a4709072a68787332728bf6b953.jpg, 0, 1, 0
10-Habits-of-Happy-People-Seniors-Today_jpg.rf.6437c0164d4a4fb825f9bb3344f57dd6.jpg, 0, 1, 0
depositphotos_11207956-stock-photo-thoughtful-man-in-the-living_jpg.rf.6457e5abadbf24f5f76dfb140eaa44a7.jpg, 0, 0, 1
file-20211126-25-4jc5ds_jpeg.rf.6490f470daae535bbafec315e6323283.jpg, 0, 0, 1
sadness_jpg.rf.649ca516d7f81fad2e9b9098a74fdfb7.jpg, 0, 0, 1
happy-woman-with-glasses_jpg.rf.626f03a22830890d0494591cf3217c8a.jpg, 0, 1, 0
migration-DealingWithAngryPeopleIMGB1_jpg.rf.6507e9d654c2bc09447b12bc540c2862.jpg, 1, 0, 0
_happy_jumping_on_beach-40815_jpg.rf.62c269ef976d31ad14d460f5738dc607.jpg, 0, 1, 0
sad-person-concept-vector-26538685_jpg.rf.659f6d7bf8514c3641b2b539b3e799fe.jpg, 0, 0, 1
81Vk4C_jpg.rf.62a0da1854d4bef587ca64c1017c198b.jpg, 0, 1, 0
81Vk4C_jpg.rf.654771374ad1816ffdb99ca243648049.jpg, 0, 1, 0
friends_190412_jpg.rf.65f500f8d08fd2d7e7107cf9da1f9e22.jpg, 0, 1, 0
81Vk4C_jpg.rf.67d54f13c4c2f6c07b544cb9ef406233.jpg, 0, 1, 0
shiny-happy-people_jpg.rf.677f646f03ab52ab28d06e1798272e1f.jpg, 0, 1, 0
Angry-man-shouting-and-pointing-to-camera-studio-shot_jpg.rf.61a3e9fe857f18e3f52169d4173092de.jpg, 1, 0, 0
sad_jpg.rf.656b66483fb37df9212d9e2875e963c0.jpg, 0, 0, 1
Make-someone-sad-happy_jpg.rf.6749ac815cb08c46b1ebb4b4765efebf.jpg, 0, 0, 1
p24783774_b_v13_ab_jpg.rf.6038f330fee919d552a3ae94c6fab238.jpg, 0, 1, 0
riskshappypeopletakeh_1384254283_jpg.rf.6807fd06baabbbd6ecb9658cedeb2eae.jpg, 0, 1, 0
Angry-Person-PNG-Free-Download_png.rf.655175835d2a59793ace737cbd01b146.jpg, 1, 0, 0
439-4398363_angry-man-png-pictures-angry-person-png-transparent_png.rf.690227febe145656c86a2a505fad68df.jpg, 1, 0, 0
blog-2_jpeg.rf.68c0e8be13d67a42541cd483617d2c9a.jpg, 0, 1, 0
cess-group-positive-friends-celebrate-victory-achievement-together_1016-9922_jpg.rf.67ebd2ce9bb6cdfa3af2b6cec89b24b5.jpg, 0, 1, 0
1694806_jpg.rf.642ebcc2a05e179e6015e2b36d5e1f82.jpg, 0, 0, 1
happypeople-1024x679_jpg.rf.6bde3d317eb305368a0637a02747ed11.jpg, 0, 1, 0
7VR73K6EP5ETVEOUFANWBUYJEQ_jpg.rf.6c8a306c3a15bbb30b261854338cebea.jpg, 0, 1, 0
Make-someone-sad-happy_jpg.rf.6a0dcbbf0b0c7c33b4125d489da01a0d.jpg, 0, 0, 1
young-woman-in-knitted-jumper-looks-pensive_jpg.rf.6b4387406b466dfa6ebd3f310fe85901.jpg, 1, 0, 0
Angry-Customer_jpg.rf.6f63aa586ba9a8b422d8e107c688badf.jpg, 1, 0, 0
hand-drawn-happy-people-jumping_23-2149092878_jpg.rf.69fd80890ea9f91830b0e7751a156ae9.jpg, 0, 1, 0
woman-rage-very-angry-dissatisfied-260nw-524205757_jpg.rf.6afed802b7d6cba935292ac011a2ec1d.jpg, 1, 0, 0
sad-people_jpg.rf.7342a49bd46798317fd0d962c8a7d09c.jpg, 0, 0, 1
GettyImages-871518740_jpg.rf.72ed8f29a71c873252eb8bfc019bcfff.jpg, 0, 1, 0
single-angry-person-mobile-phone-260nw-603267953_jpg.rf.72b033b522a032ddc6ec1bea087357de.jpg, 1, 0, 0
image22_jpeg.rf.6e46e1c19ea1e242f39d152e2f6aa31d.jpg, 0, 1, 0
maxresdefault_jpg.rf.6ed43826715978cafd6047b1962eb8e6.jpg, 0, 1, 0
happy-people-vector-839522_jpg.rf.73b1f07ad27ea16e3519366b4a191e78.jpg, 0, 1, 0
depressed-man-studio-shot-260nw-404652526_jpg.rf.6e2c3f2225d5f399aeceba5fdd69dba4.jpg, 0, 0, 1
220px-Happy_People_A_Year_in_the_Taiga_poster_jpg.rf.7499e0d67f2ecd897968c8a0665cd755.jpg, 0, 1, 0
friends_190412_jpg.rf.73463a4653a5fea13ec4a1f6028f8774.jpg, 0, 1, 0
107188144-1675355909384-gettyimages-1302154722-dsc_9175_jpeg.rf.6d2de07fb32caf8aa889b827f908b6b2.jpg, 0, 0, 1
39843138-sad-man_jpg.rf.6d34f35b08b28f5e270932eb53f50228.jpg, 0, 0, 1
Dollarphotoclub_76084977-1_jpg.rf.6ef91810c391bf3bf6525bd9c3380a9c.jpg, 0, 1, 0
portrait-sad-man-260nw-126009806_jpg.rf.745b3fa8acb67624abfc76edf653ad69.jpg, 0, 0, 1
shutterstock_307219016_jpg.rf.6b7c104fe7d292be5dbb1f9502dffcc9.jpg, 1, 0, 0
7RNXwSxCAKL8vGtXG2ZkyD-1200-80_jpg.rf.6822ac91c20efe455b0ab56fe3c22993.jpg, 0, 0, 1
170404-happy-workers-feature_jpg.rf.72396bcd4c3d429f2625e08fb5c9a3f0.jpg, 0, 1, 0
image-abb14c85-dab7-4451-9278-74ef612db2d8_jpg.rf.73903cc6a24d3aeb69fd32c8cb44b584.jpg, 1, 0, 0
10-Habits-of-Happy-People-Seniors-Today_jpg.rf.749182f7b11dece70d17d76ac8e581dc.jpg, 0, 1, 0
439-4398363_angry-man-png-pictures-angry-person-png-transparent_png.rf.6f02337d604aeacc44e280d7d5392a0a.jpg, 1, 0, 0
happy-woman-with-glasses_jpg.rf.7588ce9da7c3cb8b3cebb428cac19875.jpg, 0, 1, 0
20201112-Alexithymia-844_jpg.rf.765f2f3681fa947626b6538f98c687b0.jpg, 0, 0, 1
web3-happy-people-outside-smile-sun-nature-eduardo-dutra-620857-unsplash_jpg.rf.76d4e9d371181738a951c27046ecca91.jpg, 0, 1, 0
happy-people_1463241208_jpg.rf.76591aff894d5e5a34ebef5091984c61.jpg, 0, 1, 0
african-american-depressive-sad-broken-260nw-475790911_jpg.rf.6c3f34fbc4d08766d453253bc4245929.jpg, 0, 0, 1
angry-complaining-group-business-people-260nw-1921199924_jpg.rf.76e1e1331b52e17cd7ba0baf755ad004.jpg, 1, 0, 0
getty_152414899_97046097045006_68075_jpg.rf.7938fdef8b3bc90085857778b3fcdd7a.jpg, 0, 1, 0
friends-happy-190821_jpg.rf.7bbc7462bd9ea8397706698b48704b35.jpg, 0, 1, 0
portrait-smiling-young-friends-walking-260nw-1392193913_jpg.rf.7de0c2d8acf883899bbe4e6a9b58ca10.jpg, 0, 1, 0
Angry-Person-PNG-Pic_png.rf.78c5c7783e35a8c6cfe8d11589440013.jpg, 1, 0, 0
1HEoLBLidT2u4mhJ0oiDgig_png.rf.7997a8ad704931672a5cf7c8bca31cce.jpg, 0, 1, 0
family-three-mother-father-son-260nw-1598501143_jpg.rf.7b56a4902056618c7312e2f5142382bf.jpg, 1, 0, 0
ng-hands-up-carefree-enjoying-music-standing-against-white-wall_176420-38816_jpg.rf.7fd97072449088f8867acf44ba06e48e.jpg, 0, 1, 0
Angry-people-tend-to-overestimate-their-own-intelligence_jpg.rf.7de557d61f70626294c2b18b6f847037.jpg, 1, 0, 0
107188144-1675355909384-gettyimages-1302154722-dsc_9175_jpeg.rf.7c02164f77abe9d0a37514195fa51ac6.jpg, 0, 0, 1
image30_jpeg.rf.7cbaf8c2a3847bf3f9971ece66197bc1.jpg, 0, 1, 0
Angry-Person-PNG-Transparent-Image_png.rf.80e1971cc2f31a65759d2683da5a4321.jpg, 1, 0, 0
dreamstime_s_101440985_jpg.rf.7b1e420941a642f3212a4eea51afd4bf.jpg, 0, 0, 1
two-angry-business-people-staring-each-other-across-table-31133311_jpg.rf.6c8d3e4b5dafc11f994dc856834610c5.jpg, 1, 0, 0
How-To-Make-Someone-Happy-When-Theyre-Sad_jpg.rf.8097653270bfde29f2ded168bd24a305.jpg, 0, 0, 1
sadness-inside-out-today-main-tease-191018_jpg.rf.83ae5eaf62a42b5c7e6880bbc6bb4d5c.jpg, 0, 0, 1
anger-can-kill-you-main_jpg.rf.76aa778eb48880c0aa9c930861fca5a7.jpg, 1, 0, 0
427394C200000578-0-image-a-24_1500384481554_jpg.rf.80c747cd5dd0343083077b069cd56053.jpg, 0, 1, 0
Angry-people-2_jpg.rf.793bf14d4eb5a59555b798b1b8e7b129.jpg, 1, 0, 0
110754-utyeqqosky-1547658396_jpeg.rf.7b79959895576da0bf7a3a4622a9bd13.jpg, 0, 1, 0
hand-drawn-happy-people-jumping_23-2149092878_jpg.rf.839231188c5d2bb4773ca315bf14cfb8.jpg, 0, 1, 0
dreamstime_s_101440985_jpg.rf.7af0c6881b813940f7278e7998ad1624.jpg, 0, 0, 1
angry-complaining-group-business-people-260nw-1921199924_jpg.rf.84201609bc7b0464de89bd32271ea35c.jpg, 1, 0, 0
migration-DealingWithAngryPeopleIMGB1_jpg.rf.7ba1c990fb5479e0ef43ab037d83c2fb.jpg, 1, 0, 0
guilherme-stecanella-375176-unsplash_jpg.rf.8620f329abba05856714789f30b9cea1.jpg, 0, 1, 0
1694806_jpg.rf.840f06bd8718d332d14a8356c5c1b296.jpg, 0, 0, 1
Angry-people-tend-to-overestimate-their-own-intelligence_jpg.rf.895840b18fa81e58d8fdba93e6e25cb6.jpg, 1, 0, 0
sad-quotes-about-life_jpg.rf.8645426fa75b0b43de7f483ec2660bb1.jpg, 0, 0, 1
hdptcar-fi-2_jpg.rf.88e481223b8e63b5a2ff134012fa09e3.jpg, 0, 1, 0
A_Sep20_14_1189155141_jpg.rf.86a2f227db3a6f66c88072b8674f0c3a.jpg, 0, 1, 0
coronavirus-depression-hero_jpg.rf.8156c93e64e25be1d94199dbcc9a33fd.jpg, 0, 0, 1
afro-girl-enjoying-the-sea-idyll-royalty-free-image-1661186370_jpg.rf.87fe451ce7de345b885014ee492e02d7.jpg, 0, 1, 0
angry-people-person-conflict-colleagues-vector-36712317_jpg.rf.8c389c710229fcf6b468dac4a90bfcb5.jpg, 1, 0, 0
happiness_thumbnail_jpg.rf.8bbcb14bb5e4c37d90be21c8d3c25213.jpg, 0, 1, 0
sad-person-concept-vector-26538685_jpg.rf.812c1ca65bfa7934129297e9095f365e.jpg, 0, 0, 1
cess-group-positive-friends-celebrate-victory-achievement-together_1016-9922_jpg.rf.7c3ac1e4820a4ec0854b1523ea4ec4ae.jpg, 0, 1, 0
39843138-sad-man_jpg.rf.8e089d867ea8beba2117047d85503f3b.jpg, 0, 0, 1
7VR73K6EP5ETVEOUFANWBUYJEQ_jpg.rf.8aae05241bae9161bc5acdd828dce1b4.jpg, 0, 1, 0
images18_jpg.rf.83b260968c0ce9761a041f6ca4e6e1f7.jpg, 1, 0, 0
tmp_6mv7xy_5d5b15258a507669_GettyImages-847741712_jpg.rf.899216a6010ed132a6c7a50c5b746a03.jpg, 0, 1, 0
images18_jpg.rf.817ff07d83d3f1af8569dc1023fe7f82.jpg, 1, 0, 0
african-american-depressive-sad-broken-260nw-475790911_jpg.rf.88c69ca585c7546c3b24f03c370c64c9.jpg, 0, 0, 1
sad-person-pictures-2bnso9uiwlhrikrx_jpg.rf.8ea7989068cc77664a5a546ba794b854.jpg, 0, 0, 1
ipsos-global-advisor-happiness-2022-opti_jpg.rf.90a6ad7d942f9122852fb52c69063296.jpg, 0, 1, 0
2560px-Happy_People_jpg.rf.87b73dafafb476086f35837953aa46cc.jpg, 0, 1, 0
rtor_guest-blog_fetured-image_Depression-versus-Sadness-How-to-Recognize-and-Cope_jpg.rf.8d1c3cd5d9d73210e64a05d86a65a896.jpg, 0, 0, 1
crying-at-work_jpg.rf.8f61899f2bffe82db8aaa99c3baf216e.jpg, 0, 0, 1
WorldHappinessReport_620_jpg.rf.7ef59a851b698e4a9a68b8f49c9cdde9.jpg, 0, 1, 0
How-Anger-Affects-Health-of-Person_jpg.rf.8639f077f6ec1ef23cff8a50db1e561e.jpg, 1, 0, 0
habits-of-happy-people_jpg.rf.8611db42c11898d5c256a9cda808b76f.jpg, 0, 1, 0
goup-happy-people-group-jumping-isolated-white-background-35582232_jpg.rf.916f18292dba4159ab7c56863cca9c02.jpg, 0, 1, 0
image20_jpeg.rf.9009a00cec0143acb70e904ae370f09a.jpg, 0, 1, 0
happy-people2_jpg.rf.9552e27d94d686ee21e689e25dbb72b9.jpg, 0, 1, 0
image18_jpeg.rf.90bcf10149500983131f10941b7d0d00.jpg, 0, 1, 0
Happiness-Habits-10-Things-Happy-People-Do-Before-Bed_jpg.rf.9684d74d57b1947171903fc708441ed1.jpg, 0, 1, 0
migration-DealingWithAngryPeopleIMGB1_jpg.rf.9331f10ffd8bac5218c40f0ebe0bfe28.jpg, 1, 0, 0
people-1492052_1920-1024x681_jpg.rf.94bdd08074d64631fcbf1ac18ed1547a.jpg, 0, 0, 1
220px-Happy_People_A_Year_in_the_Taiga_poster_jpg.rf.8c4e7291f35b5996cbe3b4b8ed94917d.jpg, 0, 1, 0
aid12707023-v4-1200px-Make-a-Sad-Person-Happy-Step-10_jpg.rf.9771da801b7ecd2595a24ee5558bd8da.jpg, 0, 0, 1
Sadder-not-wiser_AdobeStock_219682170_jpg.rf.906a6c2b2f1386cbe5f25e00dd33425b.jpg, 0, 0, 1
Angry-Person-PNG-Free-Download_png.rf.97d68b486bfb7eeb8528ca47c085c6d8.jpg, 1, 0, 0
Screaming-Happy-Woman-THe-Trent_jpg.rf.9cac74b11d52a4fbbbf25a22f4a3d561.jpg, 0, 1, 0
GettyImages-871518740_jpg.rf.988ec22cf7367e897690cf0cd492cb93.jpg, 0, 1, 0
shutterstock_307219016_jpg.rf.9983ad87432ae486479ae4e353829795.jpg, 1, 0, 0
ipsos-global-advisor-happiness-2022-opti_jpg.rf.9b666a31804734dddeb43a73fb66fc12.jpg, 0, 1, 0
images27_jpg.rf.90c9617c86333c1adc31051be1444fa8.jpg, 1, 0, 0
107188144-1675355909384-gettyimages-1302154722-dsc_9175_jpeg.rf.9a72420d703374874e6e436fe9c0b5c0.jpg, 0, 0, 1
Dollarphotoclub_76084977-1_jpg.rf.96b7310db0f230fad572724977957c25.jpg, 0, 1, 0
anger_ruining_898_jpg.rf.957d5deb0e5681559240b74cf6c6e3a6.jpg, 1, 0, 0
png-transparent-woman-sad-folklore-ghost-horror-spirit-vendetta-vengeance-girl-person-thumbnail_png.rf.9a81dcaee8d3175c0494a83474c5e522.jpg, 0, 0, 1
depressed-man-studio-shot-260nw-404652526_jpg.rf.926e94709cc5b6f9e727e230c7aeb464.jpg, 0, 0, 1
anger-18615_640_jpg.rf.901d071418827e507cb61a0c78addeed.jpg, 1, 0, 0
woman-rage-very-angry-dissatisfied-260nw-524205757_jpg.rf.9eba54d65ea4d2053107030a79f326cb.jpg, 1, 0, 0
sad-looking-man_jpg.rf.9f4d64588157d8dea4c0e51608de4d3a.jpg, 0, 0, 1
Angry-Person-PNG-Pic_png.rf.917cd7c5263dbde3440e36352974b67c.jpg, 1, 0, 0
439-4398363_angry-man-png-pictures-angry-person-png-transparent_png.rf.9f38c60ed1dcd713f8eb5548d408c059.jpg, 1, 0, 0
60552212-angry-people-illustration-design-collection_jpg.rf.9fcf7769a494061efffed0e873b66aba.jpg, 1, 0, 0
maxresdefault_jpg.rf.9c189dedecb18bc49fc474b46baee3d8.jpg, 0, 1, 0
ng-hands-up-carefree-enjoying-music-standing-against-white-wall_176420-38816_jpg.rf.957cdf720d609f27526573dc20ee6c0d.jpg, 0, 1, 0
Angry-people-2_jpg.rf.9f5e170df5067fe1c5e6563d0c78d463.jpg, 1, 0, 0
portrait-sad-man-260nw-126009806_jpg.rf.a30dbbccd5c413f6a1b1bb0d66125922.jpg, 0, 0, 1
deal-with-angry-person-HSP_jpg.rf.a16cd0a713923da055b881916103411a.jpg, 1, 0, 0
35438_hd_jpg.rf.a5897af1f7f7982f451bd3ced3097c71.jpg, 0, 1, 0
Angry-Man_jpeg.rf.9c43b6bb4474bde71e2d4865f446d59e.jpg, 1, 0, 0
tmp_6mv7xy_5d5b15258a507669_GettyImages-847741712_jpg.rf.a72521e6704dbd95fa14b45f80c62fe2.jpg, 0, 1, 0
images15_jpg.rf.9d9ad63295f546b12a8a1e45c0e9d481.jpg, 1, 0, 0
group-young-happy-people-with-their-hands-up_369728-62_jpg.rf.94a687621db9f7d0e579ae88836a5201.jpg, 0, 1, 0
Duggar-Family-Secrets-Are-Exposed-in-New-Docuseries-Featuring-Jill-and-Amy-featured_png.rf.a418d6270a62b928033a9951ef176ee0.jpg, 0, 1, 0
group-young-people-posing-photo_52683-18823_jpg.rf.9efdb6fd2322b18a1ae6fe9e6999475a.jpg, 0, 1, 0
images14_jpg.rf.aba55f94cf9bfd7005f99ddd134f527f.jpg, 0, 1, 0
Happiness-Habits-10-Things-Happy-People-Do-Before-Bed_jpg.rf.a778b0892f88ed107493c6ee34ae1a04.jpg, 0, 1, 0
Science_robotgait_124649246_jpg.rf.a09ab6a4b7bb84a302d77312a6c458d9.jpg, 0, 0, 1
happyball-3_jpg.rf.ac9dc3b6dc07a4d6db3d7ab3a85af205.jpg, 0, 1, 0
35438_hd_jpg.rf.a8af928ab3845c3d0c3335e39e7ace4a.jpg, 0, 1, 0
deal-with-angry-person-HSP_jpg.rf.aa051e90ec2a4b0042a0c4f08748016e.jpg, 1, 0, 0
anger-can-kill-you-main_jpg.rf.9dc8aad80a79f0c68739fcd2bfed0bf6.jpg, 1, 0, 0
How-Anger-Affects-Health-of-Person_jpg.rf.a29b14b9e8dfe67ebfce8113e91f78d2.jpg, 1, 0, 0
405-4050267_sad-people-png-sad-person-transparent-background-png_png.rf.ae3385dfdff3fcd16c9b3d5255f78450.jpg, 0, 0, 1
image18_jpeg.rf.9fe04eeebe1ba0eb91923d3ad7e9f2f6.jpg, 0, 0, 1
hdptcar-fi-2_jpg.rf.98d4fe977c9feb0313d1034895c1d4fb.jpg, 0, 1, 0
WorldHappinessReport_620_jpg.rf.af5c19f78465dd44accaca35d8c19733.jpg, 0, 1, 0
images14_jpg.rf.abc27b8929d10ac0ac4e5608e486b312.jpg, 0, 1, 0
shiny-happy-people_jpg.rf.af23124ebceecaecac6ce2324555e511.jpg, 0, 1, 0
aid12707023-v4-1200px-Make-a-Sad-Person-Happy-Step-10_jpg.rf.afe46dbbeaca3bec40fbc5eaf96c4c15.jpg, 0, 0, 1
Science_robotgait_124649246_jpg.rf.ab59216a45c1af847563f2f15def5953.jpg, 0, 0, 1
angry-man_jpg.rf.af9f4a1ac98bb33c9e577473ff6c1d60.jpg, 1, 0, 0
640px-Crying-girl_jpg.rf.ae9dfbf1e97fc3c752d71739ffdb7fdf.jpg, 0, 0, 1
upsetman_jpg.rf.a58c22ff205791ae69219c91f34542fc.jpg, 0, 0, 1
sad-person-concept-vector-26538685_jpg.rf.ac941ea15af8e5a21f4f10d1f28268c7.jpg, 0, 0, 1
images20_jpg.rf.b0f0ea855b3014974e4831c101c51d27.jpg, 0, 1, 0
e162ccda8ce0f197f8863f327add9233_jpg.rf.a685f2dc0aca0c6ff7602cf0e962945f.jpg, 0, 1, 0
05-12-21-happy-people_jpg.rf.b19df57eb1c73e73baedf39bac573225.jpg, 0, 1, 0
tile-control-anger-topic_tcm7-302574_png.rf.a7ec5be0b9ef81fc22cdad6c82005ead.jpg, 1, 0, 0
png-transparent-woman-sad-folklore-ghost-horror-spirit-vendetta-vengeance-girl-person-thumbnail_png.rf.aff20403c9ce1dddbfeb406360603e53.jpg, 0, 0, 1
1HEoLBLidT2u4mhJ0oiDgig_png.rf.b1cfd17fd87bde50a5058959721a8b5e.jpg, 0, 1, 0
person-super-depressed_jpg.rf.b3d80151ae8419c69f88c98622774903.jpg, 0, 0, 1
angry-man_jpg.rf.ae5b71f207b761d77ce5a2144b8ac5fd.jpg, 1, 0, 0
05-12-21-happy-people_jpg.rf.a08f35df5d9d598463bbf22f7c13a6da.jpg, 0, 1, 0
GettyImages-871518740_jpg.rf.a62dce192afec13c9afc6508d3a5d7d4.jpg, 0, 1, 0
image17_jpeg.rf.b4e05aba78c0a1bddaa43af5d5987cc0.jpg, 1, 0, 0
sue_jpg.rf.b03eb413775e39225256495a76b8b65b.jpg, 0, 0, 1
Dollarphotoclub_76084977-1_jpg.rf.b00dcec972b0786eb5f5953e68020ee7.jpg, 0, 1, 0
1HEoLBLidT2u4mhJ0oiDgig_png.rf.b727ed80115a96eb79459632948c3d11.jpg, 0, 1, 0
young-woman-in-knitted-jumper-looks-pensive_jpg.rf.b2b8926fadb06d9f411df75089e42ce7.jpg, 1, 0, 0
image20_jpeg.rf.b76d6c5b5e027b7a3b9dfada862bd915.jpg, 0, 1, 0
happypeople-1024x679_jpg.rf.b8f174ecae56abd160f8666e47aaae4e.jpg, 0, 1, 0
man-with-head-down-300x300_jpg.rf.b0d4912d6abdf299d285095c5bb8c7d2.jpg, 0, 0, 1
people-1492052_1920-1024x681_jpg.rf.b9b36cf1e8b4e03f573690d7e8937406.jpg, 0, 0, 1
very-sad-man-sitting-alone-on-white-background-depressed-young-man-sitting-businessman-vector_jpg.rf.b5a1ed97788f7025e157e44e25af14f9.jpg, 0, 0, 1
p24783774_b_v13_ab_jpg.rf.baa61eee5e1d9db4e6e86eb8942f789a.jpg, 0, 1, 0
Happy_jpg.rf.ba7870a109234de92bed8b4b1d234fc7.jpg, 0, 1, 0
portrait-angry-bearded-man-red-t-shirt-pointing-finger-camera-people-emotions-concept-184711733_jpg.rf.b57a3c5b639b3acb7e2b2871ee43b79f.jpg, 1, 0, 0
angry-customer-86255098-760_jpg.rf.aea2e65ea44aab915e875f389786dcf0.jpg, 1, 0, 0
60552212-angry-people-illustration-design-collection_jpg.rf.b1491038dd76d1b8858264824597afce.jpg, 1, 0, 0
sad-people-vector-26812552_jpg.rf.b87c55688a495580a9f6efe2312e35ab.jpg, 0, 0, 1
Angry-People_jpg.rf.b3cb4615d41d865b1c17e6c5e4440c1f.jpg, 1, 0, 0
Angry-Customer_jpg.rf.bf54528c872c9baee0c92d43b5ef260e.jpg, 1, 0, 0
angry-people-person-conflict-colleagues-vector-36712317_jpg.rf.ac2735a724cd581087ce780cb11bd372.jpg, 1, 0, 0
group-young-happy-people-with-their-hands-up_369728-62_jpg.rf.c0760b65a15a571a8a1553e2167ab868.jpg, 0, 1, 0
Furious-businessman-talking-to-someone-over-smart-phone-Compressed-496552806_jpeg.rf.c027ef7c2ec2af494420ce637000aa98.jpg, 1, 0, 0
very-sad-man-sitting-alone-on-white-background-depressed-young-man-sitting-businessman-vector_jpg.rf.bd02550f405fd25a50235be4252b6e5d.jpg, 0, 0, 1
depositphotos_42931643-stock-photo-crazy-housewife-with-kitchen-tools_jpg.rf.bf9b736fc653f13453552c9558fb63dc.jpg, 1, 0, 0
Angry-Person-PNG-Pic_png.rf.b52a4472c35ff42bcb153925aa625780.jpg, 1, 0, 0
iStock_000001932580XSmall_jpg.rf.b920c6965ee2fbf0d06003c681891c67.jpg, 0, 0, 1
calmangryperson-header_jpg.rf.c16ad4381e4a6ac949fdfb4ec6856c84.jpg, 1, 0, 0
image-20160914-4963-19knfh1_jpg.rf.c00f6a431a8e360597a356b3a45f6f4b.jpg, 0, 0, 1
png-transparent-boxing-man-people-an-angry-person-the-man_png.rf.b7d43b6bcdb90464f4ba4770cbe7fda7.jpg, 1, 0, 0
73705bd7debb66c2afc780a22c223804_jpg.rf.c22e60a6a3f60c09840e2832b607c8f0.jpg, 0, 0, 1
sad-looking-man_jpg.rf.bc4c01411eba5ff6796a27b3f283fbfa.jpg, 0, 0, 1
images18_jpg.rf.beb03ad3ab9ddd54556c6dea7c7c4226.jpg, 1, 0, 0
sad-glance-mm-nisan-kandilcioglu_jpg.rf.bccac532c4a2b4ec9f507977719f7f92.jpg, 0, 0, 1
getty_465251909_970647970450036_71256_jpg.rf.c611829d742f238528344b7973920826.jpg, 1, 0, 0
happy-people-jump-with-raised-arms-characters-win_107791-14884_jpg.rf.c6f06dad90f2f8c7ab7952cb678ae162.jpg, 0, 1, 0
170404-happy-workers-feature_jpg.rf.b67f98bede7bfb58d4baf45000cdedd0.jpg, 0, 1, 0
angry-person-yelling-crowd_23-2148392541_jpg.rf.c34572d5477979251dd6d093743f4f63.jpg, 1, 0, 0
image17_jpeg.rf.c1cb8722a68dccf5622e9a524b3469f0.jpg, 1, 0, 0
Sadder-not-wiser_AdobeStock_219682170_jpg.rf.c1b07bbeecd9e4a3c5676783c3f46d92.jpg, 0, 0, 1
portrait-smiling-young-friends-walking-260nw-1392193913_jpg.rf.c5b561d5ad81c1910f098f20a7bd0fae.jpg, 0, 1, 0
e162ccda8ce0f197f8863f327add9233_jpg.rf.c915369b55880dcf4e3f9f1c2bce93ea.jpg, 0, 1, 0
happy-people2_jpg.rf.c8f6931c713f4245fc9f7982ded5624d.jpg, 0, 1, 0
screen-shot-2014-07-31-at-6-09-12-pm_png.rf.c88082221fe0975ce2915d437f6c6d7f.jpg, 0, 0, 1
woman-rage-very-angry-dissatisfied-260nw-524205757_jpg.rf.c36881d721dc02cb7cfe92df485c9487.jpg, 1, 0, 0
GettyImages-108328246-1024x683_jpg.rf.c3da64003bfa39306f232fe0aff14145.jpg, 1, 0, 0
blog-2_jpeg.rf.cbf8ade88873787c5c7e77d3dc02dae2.jpg, 0, 1, 0
7-principles-of-successful-and-happy-people_png.rf.ca012e464fa477db7d2d022ecaac9a07.jpg, 0, 1, 0
118-1183761_angry-person-transparent-images-png-angry-man-png_png.rf.cc32d3de97af3bab89971a9cf0b1bbc0.jpg, 1, 0, 0
depressed-man-studio-shot-260nw-404652526_jpg.rf.ca73b22a4bc078c496cfff67d24e1368.jpg, 0, 0, 1
shiny-happy-people_jpg.rf.c8af20dfb89a997bb488dd50af5d06ad.jpg, 0, 1, 0
web3-happy-people-outside-smile-sun-nature-eduardo-dutra-620857-unsplash_jpg.rf.c31a9d6a50ee91b53dc056eb4720a8ad.jpg, 0, 1, 0
tile-control-anger-topic_tcm7-302574_png.rf.c9c16a8a58633bf4cc188caec981cfdd.jpg, 1, 0, 0
427394C200000578-0-image-a-24_1500384481554_jpg.rf.cba54e3b6ab4b860b8405ed56da7c24d.jpg, 0, 1, 0
angry-person-crowd_23-2148405067_jpg.rf.cc1a79230efe47f027b05d05df7ac5db.jpg, 1, 0, 0
web3-happy-people-outside-smile-sun-nature-eduardo-dutra-620857-unsplash_jpg.rf.ca6c92f0546a5462f8303dd9438ff15f.jpg, 0, 1, 0
Angry-man-shouting-and-pointing-to-camera-studio-shot_jpg.rf.cb9edc312db74b46ecfc39930d7471c5.jpg, 1, 0, 0
Furious-businessman-talking-to-someone-over-smart-phone-Compressed-496552806_jpeg.rf.cbe1683d2cd410b30677aef80ae92d20.jpg, 1, 0, 0
sad-quotes-lead-image-1677524157_jpg.rf.ce82279a6dc0c3aba0df955f8b8bcd85.jpg, 0, 0, 1
screen-shot-2014-07-31-at-6-09-12-pm_png.rf.cdcd27c4e2ae173670f18e1adc96365f.jpg, 0, 0, 1
GettyImages-108328246-1024x683_jpg.rf.d0c5acfb1f3c96b19a1a4bb6bd38f66a.jpg, 1, 0, 0
iStock_000001932580XSmall_jpg.rf.ccaaf9daa2fcf01e892fcec13787d6ae.jpg, 0, 0, 1
afro-girl-enjoying-the-sea-idyll-royalty-free-image-1661186370_jpg.rf.d091deb331927a7a8cf00c670f599988.jpg, 0, 1, 0
secret-signs-of-loneliness-01-1440x810_jpg.rf.ced311904accc415fa9b95792ff776e8.jpg, 0, 0, 1
happy-woman-with-glasses_jpg.rf.d17c93350a42f64104fadd915b05e8c8.jpg, 0, 1, 0
friends_190412_jpg.rf.c2f781ab50b0018698cfaacff0385e4c.jpg, 0, 1, 0
Furious-businessman-talking-to-someone-over-smart-phone-Compressed-496552806_jpeg.rf.cc172f9648a49f8e5b58a5a98ae0ab4f.jpg, 1, 0, 0
lonely-depressed-person-sitting-near-brick-wall_181624-30778_jpg.rf.c526e7ea25b2d52f5fa60bed7df06401.jpg, 0, 0, 1
iStock_000001932580XSmall_jpg.rf.cd951c564d005dc5193397d0fe0c9c9a.jpg, 0, 0, 1
angry-person_jpg.rf.d29115d07993272615be1ffa92d406e4.jpg, 1, 0, 0
depositphotos_86851530-stock-photo-close-up-of-african-young_jpg.rf.ce5611075bbd3b25301854097ee4618c.jpg, 0, 0, 1
what-to-say-to-someone-whos-depressed_jpg.rf.d29a53eac2973b54f68f8f12c3153622.jpg, 0, 0, 1
images15_jpg.rf.d2c5cb8f046a6a42c2cef1822debed8f.jpg, 1, 0, 0
139-1393790_angry-person-png-pic-angry-man-clipart-png_png.rf.d34b5bc9a4cdf637abc6f9a952e91b6c.jpg, 1, 0, 0
20201112-Alexithymia-844_jpg.rf.c7aa631488672c16b36faea6b8eea645.jpg, 0, 0, 1
man-teenagers-celebrating-jump-flying-persons-air-characters-set_53562-10872_jpg.rf.c92a71b12ed2dac19997078cdb3de460.jpg, 0, 1, 0
depositphotos_86851530-stock-photo-close-up-of-african-young_jpg.rf.cbb14782de3aec1cb5a6a43b698df650.jpg, 0, 0, 1
angry-person-yelling-crowd_23-2148392541_jpg.rf.d3b2f274c00515fcda81ea85670cd946.jpg, 1, 0, 0
60552212-angry-people-illustration-design-collection_jpg.rf.009bac5795c8699f898eec5718f3798a.jpg, 1, 0, 0
physed-happiness-videoSixteenByNine3000_jpg.rf.00aec796471062a3524b30fab11747f7.jpg, 0, 1, 0
all-those-people-who-are-sad-17573-1_jpg.rf.027a64110b1ac79e849a316fded63975.jpg, 0, 0, 1
Angry-people-tend-to-overestimate-their-own-intelligence_jpg.rf.04c0fe53e011b551e74950730b58c7d2.jpg, 1, 0, 0
sad-people_jpg.rf.0418f1c3bc7aa9d629a107836e31ff3f.jpg, 0, 0, 1
crying-at-work_jpg.rf.017af58627636269e44e2d5efd5278eb.jpg, 0, 0, 1
sad-people-group-therapy-session_23-2148752071_jpg.rf.019094611eded332047206683102b4f9.jpg, 0, 0, 1
613k1XcpYCL_jpg.rf.0083cb9612123c0201990f3aa7fcd0e4.jpg, 0, 1, 0
file-20211126-25-4jc5ds_jpeg.rf.03a57924ab8ed5755bca63aa0f0b0206.jpg, 0, 0, 1
How-To-Make-Someone-Happy-When-Theyre-Sad_jpg.rf.02ae01b949d028093bb920a40b10477c.jpg, 0, 0, 1
Angry-Person-PNG-Photo_png.rf.057bd22d0bd1cbe879da64d0099b4e6f.jpg, 1, 0, 0
man-teenagers-celebrating-jump-flying-persons-air-characters-set_53562-10872_jpg.rf.04f0573e21a6da06ae00cc8b284ed4e2.jpg, 0, 1, 0
depositphotos_11207956-stock-photo-thoughtful-man-in-the-living_jpg.rf.054c981892fe3ff69dfa754d04cea71d.jpg, 0, 0, 1
angry-people-screaming-260nw-292800785_jpg.rf.0582fe440676e29ff792683dd26eaff8.jpg, 1, 0, 0
Angry-Person-PNG-Free-Download_png.rf.0006c0220a548069ce19b272435ec62a.jpg, 1, 0, 0
lonely-depressed-person-sitting-near-brick-wall_181624-30778_jpg.rf.00f3e91dccb9985d03c0db2a285fc72e.jpg, 0, 0, 1
angry-person_jpg.rf.0a1f0ad4886fe6118b49505a5a7e75f6.jpg, 1, 0, 0
happyball-3_jpg.rf.03028d6f094754a506b2fac0ad316766.jpg, 0, 1, 0
image22_jpeg.rf.0327047bc80b633981acbf2e5d2e35c7.jpg, 0, 1, 0
image24_jpeg.rf.0846d05aa7e64255192a8fb32aa6fae5.jpg, 0, 1, 0
Science_robotgait_124649246_jpg.rf.0c11cc5b5c2717b90a3d68efbdcf7141.jpg, 0, 0, 1
nm-how-happiness-affects-health-tnail_jpg.rf.05eab270b325e67210d358bd2ff801e3.jpg, 0, 1, 0
Angry-People_jpg.rf.0947ce1f9c2dcbc2ea577462b92f9697.jpg, 1, 0, 0
800px-Angry-2766265_960_720_jpg.rf.063f95f9daee59e52bcc81db5b50b6e3.jpg, 1, 0, 0
anger-can-kill-you-main_jpg.rf.0d97a0be0c9bdc33d48ce10b92e06291.jpg, 1, 0, 0
20150413185238-secrets-happy-entrepreneurs-woman-gratitude-rainbow-_jpeg.rf.1021178aa8ac5afe2c2c81d7ce0ac0e2.jpg, 0, 1, 0
angry-person-crowd_23-2148405067_jpg.rf.0e5b5a966b15387f5e5525c537fd4558.jpg, 1, 0, 0
09-113216-depressed_people_listen_to_sad_music_to_calm_and_uplift_says_study_jpg.rf.0d97bdac9459b78115ee4411b4a072b4.jpg, 0, 0, 1
goup-happy-people-35582464_jpg.rf.04dbb1ed69aab3ebd17707a88693fb5a.jpg, 0, 1, 0
ng-hands-up-carefree-enjoying-music-standing-against-white-wall_176420-38816_jpg.rf.07b3ffffe6619a0816cb5e15e62dbd15.jpg, 0, 1, 0
lonely-depressed-person-sitting-near-brick-wall_181624-30778_jpg.rf.07ad57ce8c37d00bc9bc02f343d237c3.jpg, 0, 0, 1
ad_220696309_jpg.rf.0740361eb5ef3da893319c420eba8c5e.jpg, 1, 0, 0
sad-people-vector-26812552_jpg.rf.10e838a8c08271715a3bec7a733c78ae.jpg, 0, 0, 1
How-To-Make-Someone-Happy-When-Theyre-Sad_jpg.rf.0c85909cca5a84517ff4ad4c94c63b45.jpg, 0, 0, 1
Angry-People_jpg.rf.10dfca937b52b4e2d8bd63dba5196108.jpg, 1, 0, 0
angry-person-crowd_23-2148395526_jpg.rf.09e32cc63078e1f96859f426c10aaf58.jpg, 1, 0, 0
e162ccda8ce0f197f8863f327add9233_jpg.rf.011dc4220c9a7b6d0bf99fca183fbfc6.jpg, 0, 1, 0
happy-people-vector-839522_jpg.rf.10ea16222a725f559440e80ff8a474b2.jpg, 0, 1, 0
image18_jpeg.rf.13abd73a03b464c043e732648ed99c7e.jpg, 0, 0, 1
7-principles-of-successful-and-happy-people_png.rf.168b771427004b9f80e67ee27e8aac24.jpg, 0, 1, 0
calmangryperson-header_jpg.rf.16e57a88001da0da201776886bae22d5.jpg, 1, 0, 0
05-12-21-happy-people_jpg.rf.196d93aecac16b81afaf32f6c3f3b857.jpg, 0, 1, 0
613k1XcpYCL_jpg.rf.0fe3e0ee5706bb45bd9a543fd2657b2a.jpg, 0, 1, 0
getty_465251909_970647970450036_71256_jpg.rf.08aa91e731776b695b8d81a28f328214.jpg, 1, 0, 0
single-angry-person-mobile-phone-260nw-603267953_jpg.rf.14a87f924b17f747e2ea631fceb3deed.jpg, 1, 0, 0
Happy_jpg.rf.162d13b6bcc56accdf8d1bf6b52e90c2.jpg, 0, 1, 0
angry-customer-86255098-760_jpg.rf.12f11980c4a002d6403e12957870017b.jpg, 1, 0, 0
sadness-inside-out-today-main-tease-191018_jpg.rf.150dc9ccf5a66c41bf6d17094ab6f225.jpg, 0, 0, 1
p24783774_b_v13_ab_jpg.rf.0651859709ba2f9e231a51193f5d8ca0.jpg, 0, 1, 0
happy-people_1463241208_jpg.rf.13d9e5023b69326ba79b23bfea782654.jpg, 0, 1, 0
man-with-head-down-300x300_jpg.rf.18c8c65b5c08d7dad38a547ed92a8095.jpg, 0, 0, 1
Duggar-Family-Secrets-Are-Exposed-in-New-Docuseries-Featuring-Jill-and-Amy-featured_png.rf.12e921571e262bf95618bdb106254da4.jpg, 0, 1, 0
group-young-people-posing-photo_52683-18823_jpg.rf.14477891b4dfd69ec47c58e3812f7774.jpg, 0, 1, 0
face-of-an-asian-angry-man-free-photo_jpg.rf.19bcf306c02258532c708c2f9e19a090.jpg, 1, 0, 0
mental-health_1200_getty_jpg.rf.1b5974131c1b393bbfee9ad29c013dba.jpg, 0, 0, 1
ipsos-global-advisor-happiness-2022-opti_jpg.rf.1b880f0e5e8a976ffee108c7c2b759df.jpg, 0, 1, 0
happy-person_jpeg.rf.197527a756ff0f3bd24d6488cc6ced35.jpg, 0, 1, 0
riskshappypeopletakeh_1384254283_jpg.rf.1a21c4cef909afc34f63682b6c27ea96.jpg, 0, 1, 0
5400ea_cd54b25fdd2a4216819fe49413f0c976mv2_png.rf.1f86795a8ba9c7ec5f85cf9b44b0800d.jpg, 0, 1, 0
image24_jpeg.rf.12aaf9fbad25ce28a21a9fb55597e0f3.jpg, 0, 1, 0
happy-people-jump-with-raised-arms-characters-win_107791-14884_jpg.rf.1ca1fe93ef8341453118fd940264f18d.jpg, 0, 1, 0
dv2051009_jpg.rf.1d740cf7e0c9ad9d20ab17ed187962a4.jpg, 0, 1, 0
GettyImages-108328246-1024x683_jpg.rf.232e040572ac1ba531e0c7d06be778bc.jpg, 1, 0, 0
image-abb14c85-dab7-4451-9278-74ef612db2d8_jpg.rf.1f811315a7580ddbb3235adf089aa7dc.jpg, 1, 0, 0
aid12707023-v4-1200px-Make-a-Sad-Person-Happy-Step-10_jpg.rf.1d7f6e32d5e9fa3914e53a6d86465fdc.jpg, 0, 0, 1
tile-control-anger-topic_tcm7-302574_png.rf.2004c7ba725412e8501daf900a51140a.jpg, 1, 0, 0
WorldHappinessReport_620_jpg.rf.1edd325acc56e13157214b1ffd879437.jpg, 0, 1, 0
angry-complaining-group-business-people-260nw-1921199924_jpg.rf.2086fdf825c0730047039dd7177eca73.jpg, 1, 0, 0
portrait-smiling-young-friends-walking-260nw-1392193913_jpg.rf.1c8a046b4154435f00fa81592d0f29b2.jpg, 0, 1, 0
images27_jpg.rf.26f73483fb04e73988decd9ad99715f3.jpg, 1, 0, 0
110754-utyeqqosky-1547658396_jpeg.rf.2746ba5eaaebaa35f1411d6aa3be39d6.jpg, 0, 1, 0
upsetman_jpg.rf.1f8b4a96b06be29712f8c94276b72eb9.jpg, 0, 0, 1
sad-woman_jpg.rf.266358d8d153ddfd37ce3c968879726b.jpg, 0, 0, 1
Angry-Customer_jpg.rf.277de97bab0dca3b17c03675b197722a.jpg, 1, 0, 0
1694806_jpg.rf.1ccc43d0331a90908c9c7bfeed81eb43.jpg, 0, 0, 1
depositphotos_86851530-stock-photo-close-up-of-african-young_jpg.rf.1c2ebe37eb1f623e4ab93392787392fb.jpg, 0, 0, 1
sad_jpg.rf.297ebc0fbce5f990c33e4b91a4744d81.jpg, 0, 0, 1
single-angry-person-mobile-phone-260nw-603267953_jpg.rf.244ac5f61a593af0579cfe6e7fac8607.jpg, 1, 0, 0
anger_ruining_898_jpg.rf.2849c87b27905156d80510aa32acbca2.jpg, 1, 0, 0
friends-happy-190821_jpg.rf.170a877d0b9057ef8b78052a3fe30a96.jpg, 0, 1, 0
goup-happy-people-35582464_jpg.rf.276ef511b52d63c391b051972c8507fd.jpg, 0, 1, 0
9b65a25adca61c48bcb01370116723e3-happy-people-brings_jpg.rf.2a7cd76f4809b3100ebc277ce71ebe5f.jpg, 0, 1, 0
640px-Crying-girl_jpg.rf.2453434720d27c51d7f2f709a5cdb69f.jpg, 0, 0, 1
Angry-Man_jpeg.rf.2b57e92dadbb9a8572c85af2183c56e5.jpg, 1, 0, 0
images14_jpg.rf.2799aa089c19bbba0b33189abc643977.jpg, 0, 1, 0
flat-of-two-angry-people-vector-18548440_jpg.rf.28e04b6d646d69cf69328ef0f40c1ad5.jpg, 1, 0, 0
sad-glance-mm-nisan-kandilcioglu_jpg.rf.2a470d2217da84da50ca6e7a4e18e15b.jpg, 0, 0, 1
Angry-man-shouting-and-pointing-to-camera-studio-shot_jpg.rf.1c390f8f7ce52aa1aae65c658e67beea.jpg, 1, 0, 0
7-principles-of-successful-and-happy-people_png.rf.280b44a6e1d59ec289d01d16b2f3fc74.jpg, 0, 1, 0
dv2051009_jpg.rf.1a4e3509d90051eb6cd0f823a1b4c1df.jpg, 0, 1, 0
happy-person_jpeg.rf.2c14b25d078c39b8f244d5198e336b55.jpg, 0, 1, 0
sad-quotes-about-life_jpg.rf.1e27c9ddede2da486e419d68014acb5b.jpg, 0, 0, 1
image18_jpeg.rf.2afd3181b919ff717fb44f973a18c395.jpg, 0, 1, 0
guilherme-stecanella-375176-unsplash_jpg.rf.2dfa19b51ce1359fc22354651ea5afe1.jpg, 0, 1, 0
sue_jpg.rf.29f46ecd9feff7a71f30e2f9825c55ce.jpg, 0, 0, 1
Angry-people-2_jpg.rf.285b0992ffac08024aa77e74506d28d6.jpg, 1, 0, 0
afro-girl-enjoying-the-sea-idyll-royalty-free-image-1661186370_jpg.rf.2dd5c048de176636f5f14d3769dee68d.jpg, 0, 1, 0
427394C200000578-0-image-a-24_1500384481554_jpg.rf.2799a0a0e3d99736d2dd03f691fdf1c7.jpg, 0, 1, 0
happy-people-vector-839522_jpg.rf.2a6fcc2d2e4ca70b421996d2540fca41.jpg, 0, 1, 0
rtor_guest-blog_fetured-image_Depression-versus-Sadness-How-to-Recognize-and-Cope_jpg.rf.2f60142fb550e1ee7f2b107c10ad70bb.jpg, 0, 0, 1
405-4050267_sad-people-png-sad-person-transparent-background-png_png.rf.2ed490d39f42f4352b83eb65067d9390.jpg, 0, 0, 1
170404-happy-workers-feature_jpg.rf.301651a8d3efd730a5934981c8780513.jpg, 0, 1, 0
nm-how-happiness-affects-health-tnail_jpg.rf.30a920501781e2897759833e57afad5e.jpg, 0, 1, 0
family-three-mother-father-son-260nw-1598501143_jpg.rf.305bceb73ea1b92008c29f16e5f601bc.jpg, 1, 0, 0
goup-happy-people-group-jumping-isolated-white-background-35582232_jpg.rf.2d8dd11e4c97bbb33b83a105e32bed96.jpg, 0, 1, 0
gdfVVm_MyCRtqpvdkt8vtSB1n_oz_CpwCq6vNMpj0S8_jpg.rf.31f0b4096ad98f2e4e5507f2a617102f.jpg, 0, 1, 0
19_1016_DISCIPLESHIP_How-to-Deal-With-Angry-People_1021x640-696x436_jpg.rf.2fcaedfe5f4861cfa825b86e64485de2.jpg, 1, 0, 0
images22_jpg.rf.3829bd25aca9476c45db34ab804f7d27.jpg, 0, 1, 0
goup-happy-people-35582464_jpg.rf.33efb6481f3f3382b37dd4b5a8bd3711.jpg, 0, 1, 0
nm-how-happiness-affects-health-tnail_jpg.rf.32d865a544ed0676e728c37170ba8833.jpg, 0, 1, 0
depositphotos_42931643-stock-photo-crazy-housewife-with-kitchen-tools_jpg.rf.2dbd853d6e72d0e549767ec15b069006.jpg, 1, 0, 0
african-american-depressive-sad-broken-260nw-475790911_jpg.rf.3487d0cc42dc5a8d80c1fd6a9644517a.jpg, 0, 0, 1
happy-people2_jpg.rf.338273426cedc8553dd2875ba36c45f1.jpg, 0, 1, 0
portrait-sad-man-260nw-126009806_jpg.rf.37b0dc9e369035b86e1a50c849b05ae7.jpg, 0, 0, 1
two-angry-business-people-staring-each-other-across-table-31133311_jpg.rf.33ba1bb57f0888ceb0caeb3631e86b5f.jpg, 1, 0, 0
flat-of-two-angry-people-vector-18548440_jpg.rf.3755040b4db867cbed3394d0db48ff48.jpg, 1, 0, 0
b2ap3_large_happy-sad-unsplash-850x575_jpg.rf.39d71adb00448ca870a7cebba155f9cf.jpg, 0, 0, 1
Angry-Person-PNG-Photo_png.rf.37275870977fd3c00d77f4e2d8a94c71.jpg, 1, 0, 0
anger_ruining_898_jpg.rf.32c09071dfd8b7cfd267cab55537dbcb.jpg, 1, 0, 0
cess-group-positive-friends-celebrate-victory-achievement-together_1016-9922_jpg.rf.38840f53c1c35c34a8ac927c937bdb6f.jpg, 0, 1, 0
73705bd7debb66c2afc780a22c223804_jpg.rf.31d2b712f3d93a5d65f010cea219e6e5.jpg, 0, 0, 1
two-angry-business-people-staring-each-other-across-table-31133311_jpg.rf.32cd3eacc964adfa3796baec9d05c78a.jpg, 1, 0, 0
_happy_jumping_on_beach-40815_jpg.rf.3a668200801608216ac78f7d2a259d48.jpg, 0, 1, 0
2560px-Happy_People_jpg.rf.352511e0dfdb877348068ba003368f1c.jpg, 0, 1, 0
portrait-angry-bearded-man-red-t-shirt-pointing-finger-camera-people-emotions-concept-184711733_jpg.rf.28253b7c1a629b8c172cf11b5cd7f7a4.jpg, 1, 0, 0
A_Sep20_14_1189155141_jpg.rf.39b7c17ee178995b31aee541dd86212e.jpg, 0, 1, 0
sad_jpg.rf.3b4ba9e4a17c307a4b5fd379a32807f2.jpg, 0, 0, 1
maxresdefault_jpg.rf.356716859dba9842fdde1e217c5f7007.jpg, 0, 1, 0
19_1016_DISCIPLESHIP_How-to-Deal-With-Angry-People_1021x640-696x436_jpg.rf.29b43ab99b42b04704d46dce5ad67feb.jpg, 1, 0, 0
angry-man_jpg.rf.30764686169efd4e4f6378f312a25342.jpg, 1, 0, 0
20201112-Alexithymia-844_jpg.rf.3c9c4787013ec338f163a461bb10a0e4.jpg, 0, 0, 1
hdptcar-fi-2_jpg.rf.3c16fe4959809924c7495a5cfc53a233.jpg, 0, 1, 0
sad-glance-mm-nisan-kandilcioglu_jpg.rf.363f1c5f8065c60ce38d65e8c526b282.jpg, 0, 0, 1
Untitled-design-14-1_png.rf.41a10a75dbed01bcaeacc83a899e7b79.jpg, 1, 0, 0
19_1016_DISCIPLESHIP_How-to-Deal-With-Angry-People_1021x640-696x436_jpg.rf.3e0ecb1f48fa09c9661804a43ec2dfd1.jpg, 1, 0, 0
anger-18615_640_jpg.rf.3c0bff18ccacca41e2201ff5a4ef7938.jpg, 1, 0, 0
Overtly-Cheerful-Primer-Editorials-min-760x443_png.rf.355ad24db0470f1f279371eb3b5afa85.jpg, 0, 1, 0
sad-woman_jpg.rf.39dcaac15b241f7f65e93ed186c17e75.jpg, 0, 0, 1
angry-person-crowd_23-2148395526_jpg.rf.43f8265ee2e5ace809545c47c1bf4b08.jpg, 1, 0, 0
family-three-mother-father-son-260nw-1598501143_jpg.rf.3a21daadf9df376fff0ea95ac0c2b7a6.jpg, 1, 0, 0
what-to-say-to-someone-whos-depressed_jpg.rf.3f36976abe08d949ac973eb31c4cbbec.jpg, 0, 0, 1
5400ea_cd54b25fdd2a4216819fe49413f0c976mv2_png.rf.3c152ccdad99f0eb9efc77d2a042bc4d.jpg, 0, 1, 0
happyball-3_jpg.rf.43d630cdc4c78b9dc656f7b9e42672c5.jpg, 0, 1, 0
sad-people_jpg.rf.4507e6dbf82d4256097c6dc158800ea1.jpg, 0, 0, 1
rtor_guest-blog_fetured-image_Depression-versus-Sadness-How-to-Recognize-and-Cope_jpg.rf.41378b23327d4e0b554f05a5d98c84fb.jpg, 0, 0, 1
young-woman-in-knitted-jumper-looks-pensive_jpg.rf.46d13e84e2d98df548b36ae6c524a433.jpg, 1, 0, 0
coronavirus-depression-hero_jpg.rf.44018cb45776c0fe39f6fc90df05edb9.jpg, 0, 0, 1
images27_jpg.rf.4112512e204dff32dd25e874e37eb992.jpg, 1, 0, 0
angry-person_jpg.rf.3eb41a7c3ae1ae7f641807e4086fc4f8.jpg, 1, 0, 0
flat-of-two-angry-people-vector-18548440_jpg.rf.458f4ddd8cc2fe36ed7eb9141ed88227.jpg, 1, 0, 0
goup-happy-people-group-jumping-isolated-white-background-35582232_jpg.rf.47d6b0b841a1a6f9dd07d37dfaf26d4f.jpg, 0, 1, 0
9b65a25adca61c48bcb01370116723e3-happy-people-brings_jpg.rf.4238ef95491474bec36d1a7b2beb6ca0.jpg, 0, 1, 0
405-4050267_sad-people-png-sad-person-transparent-background-png_png.rf.4354c613910db221d99fa7112d9f0000.jpg, 0, 0, 1
Happy_jpg.rf.477ac85dd1643211808813948e5c9870.jpg, 0, 1, 0
118-1183761_angry-person-transparent-images-png-angry-man-png_png.rf.42f7da26a0aaf48fd1f4fcafc0d83d09.jpg, 1, 0, 0
Angry-Man_jpeg.rf.45f682c0eef27cb706ab8c6c32c0cf0c.jpg, 1, 0, 0
shutterstock_307219016_jpg.rf.4641351bc423d5acc83cbea6986ee8b6.jpg, 1, 0, 0
139-1393790_angry-person-png-pic-angry-man-clipart-png_png.rf.47fafb02f705811645e8fe583b09824b.jpg, 1, 0, 0
sad-quotes-lead-image-1677524157_jpg.rf.4b320e7ffeb5b2135ad28a07ba7b8ff4.jpg, 0, 0, 1
getty_465251909_970647970450036_71256_jpg.rf.48eb4a4b2a0adbe07a20a607e265767c.jpg, 1, 0, 0
Untitled-design-14-1_png.rf.48dee85c3bf99101cdc3dc92f2aca9ef.jpg, 1, 0, 0
139-1393790_angry-person-png-pic-angry-man-clipart-png_png.rf.4905150fc9eae1c515d2cddd257133d4.jpg, 1, 0, 0
20150413185238-secrets-happy-entrepreneurs-woman-gratitude-rainbow-_jpeg.rf.499a6a51d8f8648e8fe0cd1068f386cf.jpg, 0, 1, 0
png-transparent-boxing-man-people-an-angry-person-the-man_png.rf.467b15984c92b84a5cc89eb2d5efe640.jpg, 1, 0, 0
2560px-Happy_People_jpg.rf.4c594304e64d6dfed96dec8de3181dea.jpg, 0, 1, 0
ad_220696309_jpg.rf.4caf8fda7c135b4bdb48eb4d6003b049.jpg, 1, 0, 0
Angry-Person-PNG-Photo_png.rf.4c2de7cd42badf80f86fa10b4b1602cf.jpg, 1, 0, 0
deal-with-angry-person-HSP_jpg.rf.4c365948aa29699077408020822a1731.jpg, 1, 0, 0
getty_152414899_97046097045006_68075_jpg.rf.4b67b777e8d37d67c8193b63ec8c2087.jpg, 0, 1, 0
5400ea_cd54b25fdd2a4216819fe49413f0c976mv2_png.rf.4ad9ba528ef00526365819bec1d3782a.jpg, 0, 1, 0
sad-person-pictures-2bnso9uiwlhrikrx_jpg.rf.4d81cebf3c0618d12f3a67a7124902ed.jpg, 0, 0, 1
How-Anger-Affects-Health-of-Person_jpg.rf.4f34a74e03f700ecb0e110e1e632f185.jpg, 1, 0, 0
image30_jpeg.rf.4e99de03c38f290054565ac7ced76f76.jpg, 0, 1, 0
tmp_6mv7xy_5d5b15258a507669_GettyImages-847741712_jpg.rf.4a5bfbd133fc098104089bf99139053f.jpg, 0, 1, 0
10-Habits-of-Happy-People-Seniors-Today_jpg.rf.4f3398ef2c3ff7ca28b1448310f7f041.jpg, 0, 1, 0
A_Sep20_14_1189155141_jpg.rf.4f48d55b74513a7faba1277eeb1f1930.jpg, 0, 1, 0
640px-Crying-girl_jpg.rf.5349a5e6dd2aa1bd2824f925df69c8b3.jpg, 0, 0, 1
sad-people-group-therapy-session_23-2148752071_jpg.rf.4d05d0341e52e125eee1095ccafc627d.jpg, 0, 0, 1
0x0_jpg.rf.4a34fc00c63c51c06cac6ccec2e667e0.jpg, 0, 0, 1
depositphotos_42931643-stock-photo-crazy-housewife-with-kitchen-tools_jpg.rf.4cdc0d62f72d8095239c82687d457954.jpg, 1, 0, 0
images22_jpg.rf.54a12de2cd27ffed4b67458c6dd41095.jpg, 0, 1, 0
20150413185238-secrets-happy-entrepreneurs-woman-gratitude-rainbow-_jpeg.rf.52030a57d6d8ccc60ec82de55c71fed5.jpg, 0, 1, 0
800px-Angry-2766265_960_720_jpg.rf.48630118e866f46974252ef207bdd712.jpg, 1, 0, 0
habits-of-happy-people_jpg.rf.50791811ccd32398497e21d3ca1d881d.jpg, 0, 1, 0
Overtly-Cheerful-Primer-Editorials-min-760x443_png.rf.52837469e646b00033ad4282bf5549d1.jpg, 0, 1, 0
Overtly-Cheerful-Primer-Editorials-min-760x443_png.rf.5352465492a4fda4e0d0cdcac38064d4.jpg, 0, 1, 0
sad-people-vector-26812552_jpg.rf.5026751ded34b5c25b4064b95564c42b.jpg, 0, 0, 1
all-those-people-who-are-sad-17573-1_jpg.rf.4fe4fe8e50f5bd1f5bd90993fc2cae58.jpg, 0, 0, 1
613k1XcpYCL_jpg.rf.52a788e9a7946f2c295053d54e9c19a0.jpg, 0, 1, 0
face-of-an-asian-angry-man-free-photo_jpg.rf.538f32bce3df802e9c1f11680aa48e82.jpg, 1, 0, 0
Angry-Person-PNG-Transparent-Image_png.rf.55a9bc14a43c804546f542645c56ea9f.jpg, 1, 0, 0
calmangryperson-header_jpg.rf.566a634f6986197e31b22e1de272c715.jpg, 1, 0, 0
800px-Angry-2766265_960_720_jpg.rf.5436660f966648bca79a84db1ec6244a.jpg, 1, 0, 0
images15_jpg.rf.56a3493890ce86dc9be33740af36ea98.jpg, 1, 0, 0
sad-quotes-about-life_jpg.rf.52ffe67b3588ca1564de58706182c04b.jpg, 0, 0, 1
Happiness-Habits-10-Things-Happy-People-Do-Before-Bed_jpg.rf.5721072ecf8df913a6bf3af17fd4eb8e.jpg, 0, 1, 0
Screaming-Happy-Woman-THe-Trent_jpg.rf.55cc9446ff482db343edd5facfe074b6.jpg, 0, 1, 0
39843138-sad-man_jpg.rf.54d23b3a1097fdc2f89a792a8e0e371b.jpg, 0, 0, 1
face-of-an-asian-angry-man-free-photo_jpg.rf.53fec92bfc2a438e1454dcf0f7b9847b.jpg, 1, 0, 0
images20_jpg.rf.49ac1b6c06b25d44b1cb98fe064748a9.jpg, 0, 1, 0
angry-person-crowd_23-2148405067_jpg.rf.589b4251a1e06ec168a07e286d673bc9.jpg, 1, 0, 0
angry-customer-86255098-760_jpg.rf.5af0224271ea81c8939ca95450dc46f4.jpg, 1, 0, 0
Screaming-Happy-Woman-THe-Trent_jpg.rf.5754b77bcec6c8037dc90f0bb9192d06.jpg, 0, 1, 0
secret-signs-of-loneliness-01-1440x810_jpg.rf.5f9b597d31ef44426e412f5e0b8b5359.jpg, 0, 0, 1
0x0_jpg.rf.58fce7e84d9dc11b11f2125475af362d.jpg, 0, 0, 1
image23_jpeg.rf.5bad6941acb134275db1f61480d0c659.jpg, 0, 1, 0
image17_jpeg.rf.5c7f11ff093db042ccb66a3d264ec710.jpg, 1, 0, 0
person-super-depressed_jpg.rf.5496a1877e5e5c00b74319d51ba31ec2.jpg, 0, 0, 1
Duggar-Family-Secrets-Are-Exposed-in-New-Docuseries-Featuring-Jill-and-Amy-featured_png.rf.5e76ccd5b9bea621f70d1f2f87be171e.jpg, 0, 1, 0
image20_jpeg.rf.5a1ca4a0c7c35b4d9483c3e1dc2138eb.jpg, 0, 1, 0
group-young-happy-people-with-their-hands-up_369728-62_jpg.rf.5d7b81cc0a979cf0b59b15e0c639c397.jpg, 0, 1, 0
blog-2_jpeg.rf.57ea542fed41f30f84b89d05fc83a117.jpg, 0, 1, 0
depositphotos_11207956-stock-photo-thoughtful-man-in-the-living_jpg.rf.5af46a9beeb99fba837aaa1ee8d4fdbc.jpg, 0, 0, 1
images22_jpg.rf.538a3a662195eca3c506f036fb09236c.jpg, 0, 1, 0
crying-at-work_jpg.rf.514ccff15821656a5af2c45eddf208aa.jpg, 0, 0, 1
man-teenagers-celebrating-jump-flying-persons-air-characters-set_53562-10872_jpg.rf.57e69bf3c2adeb423c18810970cb4999.jpg, 0, 1, 0
happiness_thumbnail_jpg.rf.5e90f17fab0cf38c51e42bd56c493eb5.jpg, 0, 1, 0
image22_jpeg.rf.5cbd9d62a854adfc6d12d29c6312d161.jpg, 0, 1, 0
upsetman_jpg.rf.56fe126ef0481d90aecefff3d44edac4.jpg, 0, 0, 1
happiness_thumbnail_jpg.rf.56c80bcda705de98108e59eb3c9ead7a.jpg, 0, 1, 0
friends-happy-190821_jpg.rf.5c8fa8622f1321aa34863908af2126c4.jpg, 0, 1, 0
image-20160914-4963-19knfh1_jpg.rf.59554dd3699ca358ddcd092e4e993a7e.jpg, 0, 0, 1
images20_jpg.rf.59d50f0fc25d80ffc00b192d364bef69.jpg, 0, 1, 0
sue_jpg.rf.5ebac766c4088f307dc4c472b4f93727.jpg, 0, 0, 1